<?xml version="1.0" encoding="utf-8"?>
<RelativeLayout xmlns:android="http://schemas.android.com/apk/res/android"
    android:layout_width="match_parent"
    android:layout_height="match_parent"
    android:orientation="vertical"
    android:padding="7dp">

    <EditText
        android:id="@+id/editTextOk"
        android:layout_width="match_parent"
        android:layout_height="wrap_content"
        android:cursorVisible="false"
        android:gravity="end" />

    <Button
        android:id="@+id/buttonOk"
        android:layout_width="match_parent"
        android:layout_height="wrap_content"
        android:layout_alignParentBottom="true"
        android:text="ok" />

    <TableLayout
        android:layout_width="match_parent"
        android:layout_height="match_parent"
        android:layout_above="@id/buttonOk"
        android:layout_below="@id/editTextOk">

        <TableRow android:layout_weight="1">

            <Button
                android:id="@+id/button1"
                android:layout_width="0dp"
                android:layout_height="match_parent"
                android:layout_weight="1"
                android:onClick="onButtonNumberClick"
                android:text="1" />

            <Button
                android:id="@+id/button2"
                android:layout_width="0dp"
                android:layout_height="match_parent"
                android:layout_weight="1"
                android:onClick="onButtonNumberClick"
                android:text="2" />

            <Button
                android:id="@+id/button3"
                android:layout_width="0dp"
                android:layout_height="match_parent"
                android:layout_weight="1"
                android:onClick="onButtonNumberClick"
                android:text="3" />
        </TableRow>

        <TableRow android:layout_weight="1">

            <Button
                android:id="@+id/button4"
                android:layout_width="0dp"
                android:layout_height="match_parent"
                android:layout_weight="1"
                android:onClick="onButtonNumberClick"
                android:text="4" />

            <Button
                android:id="@+id/button5"
                android:layout_width="0dp"
                android:layout_height="match_parent"
                android:layout_weight="1"
                android:onClick="onButtonNumberClick"
                android:text="5" />

            <Button
                android:id="@+id/button6"
                android:layout_width="0dp"
                android:layout_height="match_parent"
                android:layout_weight="1"
                android:onClick="onButtonNumberClick"
                android:text="6" />
        </TableRow>

        <TableRow android:layout_weight="1">

            <Button
                android:id="@+id/button7"
                android:layout_width="0dp"
                android:layout_height="match_parent"
                android:layout_weight="1"
                android:onClick="onButtonNumberClick"
                android:text="7" />

            <Button
                android:id="@+id/button8"
                android:layout_width="0dp"
                android:layout_height="match_parent"
                android:layout_weight="1"
                android:onClick="onButtonNumberClick"
                android:text="8" />

            <Button
                android:id="@+id/button9"
                android:layout_width="0dp"
                android:layout_height="match_parent"
                android:layout_weight="1"
                android:onClick="onButtonNumberClick"
                android:text="9" />
        </TableRow>

        <TableRow android:layout_weight="1">

            <TextView
                android:layout_width="0dp"
                android:layout_height="match_parent"
                android:layout_weight="1" />

            <Button
                android:id="@+id/button0"
                android:layout_width="0dp"
                android:layout_height="match_parent"
                android:layout_weight="1"
                android:onClick="onButtonNumberClick"
                android:text="0" />

            <Button
                android:id="@+id/buttonClear"
                android:layout_width="0dp"
                android:layout_height="match_parent"
                android:layout_weight="1"
                android:onClick="onButtonNumberClick"
                android:text="clear" />
        </TableRow>

    </TableLayout>


</RelativeLayout>